Campaign_Type,avg_conversion,avg_cost
Email,0.07978806119890011,12495.3461
"Social Media",0.08013461586759794,12512.6981
