Target_Audience,avg_roi,avg_conversion
"Men 18-24",4.982853345918847,0.08023995230762024
"Women 25-34",4.997351110888964,0.07989903281433902
